fold,n_train,n_val,train_pos,train_neg,val_pos,val_neg,steps_per_epoch,epochs_ran,best_val_pr_auc,accuracy_0p5,precision_0p5,recall_0p5,f1_0p5,tp_0p5,fn_0p5,fp_0p5,tn_0p5,roc_auc,pr_auc,target_fpr,threshold_at_fpr_target,recall_at_fpr_target,precision_at_fpr_target,fpr_at_target,normalizer_mean,normalizer_std,model_path,loss
0,1620,405,120,1500,30,375,94,41,0.9004331827163696,0.9135802469135802,0.4576271186440678,0.9,0.6067415730337079,27,3,32,343,0.9705777777777778,0.901234295753106,0.02,0.8894296288490295,0.8,0.9230769230769231,0.005333333333333333,-9.239501953125,3.774320887161255,student/results/5s_hardlabel_baseline_v2/models/student_5s_hardlabel_v2_fold0.keras,"focal(alpha=0.75, gamma=2.0)"
1,1620,405,120,1500,30,375,94,35,0.8199007511138916,0.9358024691358025,0.5416666666666666,0.8666666666666667,0.6666666666666666,26,4,22,353,0.9745777777777778,0.8218771712530114,0.02,0.8469586372375488,0.6333333333333333,0.7916666666666666,0.013333333333333334,-9.158061027526855,3.80462221963501,student/results/5s_hardlabel_baseline_v2/models/student_5s_hardlabel_v2_fold1.keras,"focal(alpha=0.75, gamma=2.0)"
2,1620,405,120,1500,30,375,94,56,0.8144075274467468,0.9481481481481482,0.6153846153846154,0.8,0.6956521739130435,24,6,15,360,0.9456,0.809814848238925,0.02,0.7524535059928894,0.8,0.8888888888888888,0.008,-9.199687957763672,3.7785521016845705,student/results/5s_hardlabel_baseline_v2/models/student_5s_hardlabel_v2_fold2.keras,"focal(alpha=0.75, gamma=2.0)"
3,1620,405,120,1500,30,375,94,31,0.8731414079666138,0.8493827160493828,0.32967032967032966,1.0,0.49586776859504134,30,0,61,314,0.9850666666666666,0.8759510658020299,0.02,0.8533234596252441,0.8,0.7741935483870968,0.018666666666666668,-9.190939903259277,3.7916167245635988,student/results/5s_hardlabel_baseline_v2/models/student_5s_hardlabel_v2_fold3.keras,"focal(alpha=0.75, gamma=2.0)"
4,1620,405,120,1500,30,375,94,40,0.920004665851593,0.9703703703703703,0.7368421052631579,0.9333333333333333,0.8235294117647058,28,2,10,365,0.9906666666666667,0.9208138117144967,0.02,0.5822538137435913,0.9,0.7941176470588235,0.018666666666666668,-9.17923641204834,3.796340511871338,student/results/5s_hardlabel_baseline_v2/models/student_5s_hardlabel_v2_fold4.keras,"focal(alpha=0.75, gamma=2.0)"
