{
  "run_name": "5s_hardlabel_baseline_v2",
  "decision_context": "5 s hard-label baseline v2 before KD",
  "v2_changes": [
    "balanced positive/negative batches",
    "feature-level augmentation",
    "binary focal loss",
    "slightly wider compact DS-CNN"
  ],
  "n_clips": 2025,
  "n_bird": 150,
  "n_nonbird": 1875,
  "param_count": 32097,
  "config": {
    "sample_rate": 16000,
    "duration_s": 5.0,
    "n_mels": 40,
    "frame_ms": 25.0,
    "hop_ms": 20.0,
    "n_fft": 512,
    "fmin": 50.0,
    "fmax": 8000.0,
    "eps": 1e-06,
    "batch_size": 32,
    "epochs": 90,
    "patience": 14,
    "learning_rate": 0.001,
    "n_splits": 5,
    "seed": 43,
    "threshold_default": 0.5,
    "target_fpr": 0.02
  },
  "focal_alpha": 0.75,
  "focal_gamma": 2.0,
  "feature_shape": [
    40,
    249
  ],
  "input_shape": [
    40,
    249,
    1
  ],
  "tensorflow_version": "2.15.1",
  "output_dir": "student/results/5s_hardlabel_baseline_v2",
  "accuracy_0p5_mean": 0.9234567901234568,
  "accuracy_0p5_std": 0.041346045805302656,
  "precision_0p5_mean": 0.5362381671257674,
  "precision_0p5_std": 0.1381199024687567,
  "recall_0p5_mean": 0.9,
  "recall_0p5_std": 0.06666666666666665,
  "f1_0p5_mean": 0.6576915187946331,
  "f1_0p5_std": 0.10752357365973116,
  "roc_auc_mean": 0.9732977777777778,
  "roc_auc_std": 0.015597363499904345,
  "pr_auc_mean": 0.8659382385523138,
  "pr_auc_std": 0.04347093163288539,
  "recall_at_fpr_target_mean": 0.7866666666666666,
  "recall_at_fpr_target_std": 0.08589399151150086,
  "precision_at_fpr_target_mean": 0.8343887348156798,
  "precision_at_fpr_target_std": 0.05984355874492505,
  "fpr_at_target_mean": 0.0128,
  "fpr_at_target_std": 0.005438954147832304,
  "oof_metrics_0p5": {
    "threshold": 0.5,
    "accuracy": 0.9234567901234568,
    "precision": 0.4909090909090909,
    "recall": 0.9,
    "f1": 0.6352941176470588,
    "tn": 1735,
    "fp": 140,
    "fn": 15,
    "tp": 135,
    "fpr": 0.07466666666666667
  },
  "oof_metrics_target_fpr": {
    "threshold": 0.7795530557632446,
    "accuracy": 0.9664197530864198,
    "precision": 0.7628205128205128,
    "recall": 0.7933333333333333,
    "f1": 0.7777777777777778,
    "tn": 1838,
    "fp": 37,
    "fn": 31,
    "tp": 119,
    "fpr": 0.019733333333333332,
    "target_fpr": 0.02
  },
  "oof_roc_auc": 0.9653048888888888,
  "oof_pr_auc": 0.8413273213409512,
  "v1_comparison": {
    "accuracy_0p5": {
      "v1": 0.9461728395061728,
      "v2": 0.9234567901234568,
      "delta": -0.022716049382715986
    },
    "precision_0p5": {
      "v1": 0.6388418594348446,
      "v2": 0.5362381671257674,
      "delta": -0.10260369230907718
    },
    "recall_0p5": {
      "v1": 0.6933333333333334,
      "v2": 0.9,
      "delta": 0.20666666666666667
    },
    "f1_0p5": {
      "v1": 0.6560147771877165,
      "v2": 0.6576915187946331,
      "delta": 0.0016767416069165542
    },
    "roc_auc": {
      "v1": 0.9416177777777778,
      "v2": 0.9732977777777778,
      "delta": 0.03168000000000004
    },
    "pr_auc": {
      "v1": 0.7041872867960063,
      "v2": 0.8659382385523138,
      "delta": 0.1617509517563075
    },
    "recall_at_fpr_target": {
      "v1": 0.6199999999999999,
      "v2": 0.7866666666666666,
      "delta": 0.16666666666666674
    }
  }
}