{
  "final_name": "5s_kd_hw08_kw02",
  "selected_run": "5s_kd_binary_hw08_kw02",
  "hard_weight": 0.8,
  "kd_weight": 0.2,
  "focal_alpha": 0.75,
  "focal_gamma": 2.0,
  "epochs": 46,
  "batch_size": 32,
  "steps_per_epoch": 118,
  "n_clips": 2025,
  "n_bird": 150,
  "n_nonbird": 1875,
  "input_shape": [
    40,
    249,
    1
  ],
  "feature_config": {
    "sample_rate": 16000,
    "duration_s": 5.0,
    "n_mels": 40,
    "frame_ms": 25.0,
    "hop_ms": 20.0,
    "n_fft": 512,
    "fmin": 50.0,
    "fmax": 8000.0,
    "eps": 1e-06,
    "batch_size": 32,
    "epochs": 80,
    "patience": 12,
    "learning_rate": 0.001,
    "n_splits": 5,
    "seed": 45,
    "threshold_default": 0.5,
    "target_fpr": 0.02
  },
  "normalizer": {
    "mean": -9.193479537963867,
    "std": 3.789201021194458,
    "mode": "full_dataset"
  },
  "soft_label_info": {
    "soft_csv": "/media/armin/External/AhmadWorks/audioclassification/teacher_kd/soft_labels/fsc22_soft_labels_binary.csv",
    "prob_col": "p_bird",
    "path_col": "file_path",
    "match_mode": "basename",
    "n_soft_rows": 2025,
    "n_matched": 2025,
    "mean_teacher_p_bird": 0.07201181352138519
  },
  "recommended_threshold": 0.673462986946106,
  "full_dataset_metrics_0p5": {
    "threshold": 0.5,
    "accuracy": 0.9955555555555555,
    "precision": 0.9548387096774194,
    "recall": 0.9866666666666667,
    "f1": 0.9704918032786886,
    "tn": 1868,
    "fp": 7,
    "fn": 2,
    "tp": 148,
    "fpr": 0.0037333333333333333
  },
  "full_dataset_metrics_recommended_threshold": {
    "threshold": 0.673462986946106,
    "accuracy": 0.9950617283950617,
    "precision": 0.9861111111111112,
    "recall": 0.9466666666666667,
    "f1": 0.9659863945578231,
    "tn": 1873,
    "fp": 2,
    "fn": 8,
    "tp": 142,
    "fpr": 0.0010666666666666667
  },
  "full_dataset_pr_auc": 0.9961300901439851,
  "full_dataset_roc_auc": 0.9997048888888889,
  "selected_cv_reference": {
    "run_name": "5s_kd_binary_hw08_kw02",
    "decision_context": "5 s binary KD v1 compared against hard-label v2",
    "n_clips": 2025,
    "n_bird": 150,
    "n_nonbird": 1875,
    "param_count": 32097,
    "config": {
      "sample_rate": 16000,
      "duration_s": 5.0,
      "n_mels": 40,
      "frame_ms": 25.0,
      "hop_ms": 20.0,
      "n_fft": 512,
      "fmin": 50.0,
      "fmax": 8000.0,
      "eps": 1e-06,
      "batch_size": 32,
      "epochs": 90,
      "patience": 14,
      "learning_rate": 0.001,
      "n_splits": 5,
      "seed": 44,
      "threshold_default": 0.5,
      "target_fpr": 0.02
    },
    "hard_weight": 0.8,
    "kd_weight": 0.2,
    "focal_alpha": 0.75,
    "focal_gamma": 2.0,
    "feature_shape": [
      40,
      249
    ],
    "input_shape": [
      40,
      249,
      1
    ],
    "tensorflow_version": "2.15.1",
    "output_dir": "student/results/5s_kd_binary_hw08_kw02",
    "soft_label_info": {
      "soft_csv": "/media/armin/External/AhmadWorks/audioclassification/teacher_kd/soft_labels/fsc22_soft_labels_binary.csv",
      "prob_col": "p_bird",
      "path_col": "file_path",
      "match_mode": "basename",
      "n_soft_rows": 2025,
      "n_matched": 2025,
      "mean_teacher_p_bird": 0.07201181352138519
    },
    "teacher_mean_p_bird_true_bird": 0.9074867963790894,
    "teacher_mean_p_bird_true_nonbird": 0.005173820536583662,
    "teacher_binary_acc_0p5": 0.9955555555555555,
    "accuracy_0p5_mean": 0.9590123456790124,
    "accuracy_0p5_std": 0.030625247869063996,
    "precision_0p5_mean": 0.7275214834916327,
    "precision_0p5_std": 0.15864146026860707,
    "recall_0p5_mean": 0.8733333333333333,
    "recall_0p5_std": 0.053333333333333316,
    "f1_0p5_mean": 0.7798264367270021,
    "f1_0p5_std": 0.10758719267852318,
    "roc_auc_mean": 0.9859022222222222,
    "roc_auc_std": 0.006048782756845062,
    "pr_auc_mean": 0.9051309127292857,
    "pr_auc_std": 0.03175199643083379,
    "recall_at_fpr_target_mean": 0.8600000000000001,
    "recall_at_fpr_target_std": 0.05333333333333332,
    "precision_at_fpr_target_mean": 0.816404174573055,
    "precision_at_fpr_target_std": 0.0359959148509046,
    "fpr_at_target_mean": 0.015466666666666667,
    "fpr_at_target_std": 0.003109841010584161,
    "oof_metrics_0p5": {
      "threshold": 0.5,
      "accuracy": 0.9590123456790124,
      "precision": 0.6717948717948717,
      "recall": 0.8733333333333333,
      "f1": 0.7594202898550725,
      "tn": 1811,
      "fp": 64,
      "fn": 19,
      "tp": 131,
      "fpr": 0.034133333333333335
    },
    "oof_metrics_target_fpr": {
      "threshold": 0.673462986946106,
      "accuracy": 0.9674074074074074,
      "precision": 0.7692307692307693,
      "recall": 0.8,
      "f1": 0.7843137254901961,
      "tn": 1839,
      "fp": 36,
      "fn": 30,
      "tp": 120,
      "fpr": 0.0192,
      "target_fpr": 0.02
    },
    "oof_roc_auc": 0.9824213333333334,
    "oof_pr_auc": 0.8768392467615532,
    "hardlabel_v2_comparison": {
      "accuracy_0p5": {
        "hardlabel_v2": 0.9234567901234568,
        "kd_v1": 0.9590123456790124,
        "delta": 0.03555555555555556
      },
      "precision_0p5": {
        "hardlabel_v2": 0.5362381671257674,
        "kd_v1": 0.7275214834916327,
        "delta": 0.19128331636586526
      },
      "recall_0p5": {
        "hardlabel_v2": 0.9,
        "kd_v1": 0.8733333333333333,
        "delta": -0.026666666666666727
      },
      "f1_0p5": {
        "hardlabel_v2": 0.6576915187946331,
        "kd_v1": 0.7798264367270021,
        "delta": 0.12213491793236908
      },
      "roc_auc": {
        "hardlabel_v2": 0.9732977777777778,
        "kd_v1": 0.9859022222222222,
        "delta": 0.012604444444444418
      },
      "pr_auc": {
        "hardlabel_v2": 0.8659382385523138,
        "kd_v1": 0.9051309127292857,
        "delta": 0.03919267417697192
      },
      "recall_at_fpr_target": {
        "hardlabel_v2": 0.7866666666666666,
        "kd_v1": 0.8600000000000001,
        "delta": 0.07333333333333347
      }
    }
  }
}