{
  "mean": -9.193479537963867,
  "std": 3.789201021194458,
  "mode": "full_dataset"
}