label,run_name,hard_weight,kd_weight,precision_0p5,recall_0p5,f1_0p5,pr_auc,roc_auc,recall_at_fpr_target,fpr_at_target,23birdchirping_recall,24wingflapping_recall,02rain_fp_rate,07treefalling_fp_rate,21insect_fp_rate,27squirrel_fp_rate
5s_kd_binary_hw08_kw02,5s_kd_binary_hw08_kw02,0.8,0.2,0.7275214834916327,0.8733333333333333,0.7798264367270021,0.9051309127292857,0.9859022222222222,0.8600000000000001,0.015466666666666667,0.9466666666666668,0.8,0.0933333333333333,0.0266666666666666,0.0666666666666666,0.0266666666666666
KD v1 0.5/0.5,5s_kd_binary_v1,0.5,0.5,0.7950797052861678,0.8333333333333334,0.8102571258191762,0.890517073174459,0.9812444444444445,0.8533333333333333,0.015466666666666667,0.9066666666666666,0.76,0.12,0.04,0.0666666666666666,0.0133333333333333
5s_kd_binary_hw07_kw03,5s_kd_binary_hw07_kw03,0.7,0.3,0.7830184692948876,0.8400000000000001,0.8056291294776463,0.8862049283796358,0.9796444444444445,0.8400000000000001,0.01386666666666667,0.9066666666666666,0.7733333333333333,0.1066666666666666,0.0133333333333333,0.08,0.0133333333333333
5s_kd_binary_hw03_kw07,5s_kd_binary_hw03_kw07,0.3,0.7,0.7559469780746377,0.8066666666666666,0.7707217160948504,0.8819381488004161,0.97808,0.8333333333333334,0.015466666666666667,0.8933333333333333,0.72,0.0933333333333333,0.04,0.08,0.0266666666666666
hard-label v2,5s_hardlabel_baseline_v2,,,0.5362381671257674,0.9,0.6576915187946331,0.8659382385523138,0.9732977777777778,0.7866666666666666,0.0128,0.9733333333333334,0.8266666666666667,0.1866666666666666,0.1466666666666666,0.1466666666666666,0.1333333333333333
