{
  "run_name": "5s_hardlabel_baseline",
  "decision_context": "5 s hard-label baseline before KD",
  "n_clips": 2025,
  "n_bird": 150,
  "n_nonbird": 1875,
  "param_count": 10313,
  "config": {
    "sample_rate": 16000,
    "duration_s": 5.0,
    "n_mels": 40,
    "frame_ms": 25.0,
    "hop_ms": 20.0,
    "n_fft": 512,
    "fmin": 50.0,
    "fmax": 8000.0,
    "eps": 1e-06,
    "batch_size": 32,
    "epochs": 80,
    "patience": 12,
    "learning_rate": 0.001,
    "n_splits": 5,
    "seed": 42,
    "threshold_default": 0.5,
    "target_fpr": 0.02
  },
  "feature_shape": [
    40,
    249
  ],
  "input_shape": [
    40,
    249,
    1
  ],
  "tensorflow_version": "2.15.1",
  "output_dir": "student/results/5s_hardlabel_baseline",
  "accuracy_0p5_mean": 0.9461728395061728,
  "accuracy_0p5_std": 0.009291302578877425,
  "precision_0p5_mean": 0.6388418594348446,
  "precision_0p5_std": 0.08184600359880827,
  "recall_0p5_mean": 0.6933333333333334,
  "recall_0p5_std": 0.0879393730551528,
  "f1_0p5_mean": 0.6560147771877165,
  "f1_0p5_std": 0.04154230273334454,
  "roc_auc_mean": 0.9416177777777778,
  "roc_auc_std": 0.01601553813421189,
  "pr_auc_mean": 0.7041872867960063,
  "pr_auc_std": 0.049960682596273585,
  "recall_at_fpr_target_mean": 0.6199999999999999,
  "recall_at_fpr_target_std": 0.09333333333333337,
  "precision_at_fpr_target_mean": 0.7660389805097452,
  "precision_at_fpr_target_std": 0.03931859586763084,
  "fpr_at_target_mean": 0.014933333333333335,
  "fpr_at_target_std": 0.0021333333333333334,
  "oof_metrics_0p5": {
    "threshold": 0.5,
    "accuracy": 0.9461728395061728,
    "precision": 0.6227544910179641,
    "recall": 0.6933333333333334,
    "f1": 0.6561514195583596,
    "tn": 1812,
    "fp": 63,
    "fn": 46,
    "tp": 104,
    "fpr": 0.0336
  },
  "oof_metrics_target_fpr": {
    "threshold": 0.6558931469917297,
    "accuracy": 0.9525925925925925,
    "precision": 0.7109375,
    "recall": 0.6066666666666667,
    "f1": 0.6546762589928058,
    "tn": 1838,
    "fp": 37,
    "fn": 59,
    "tp": 91,
    "fpr": 0.019733333333333332,
    "target_fpr": 0.02
  },
  "oof_roc_auc": 0.94272,
  "oof_pr_auc": 0.679125240868637
}