fold,n_train,n_val,train_pos,train_neg,val_pos,val_neg,steps_per_epoch,epochs_ran,best_val_hard_pr_auc,accuracy_0p5,precision_0p5,recall_0p5,f1_0p5,tp_0p5,fn_0p5,fp_0p5,tn_0p5,roc_auc,pr_auc,target_fpr,threshold_at_fpr_target,recall_at_fpr_target,precision_at_fpr_target,fpr_at_target,normalizer_mean,normalizer_std,weights_path,loss
0,1620,405,120,1500,30,375,94,44,0.8224276508425091,0.9679012345679012,0.7741935483870968,0.8,0.7868852459016393,24,6,7,368,0.9738666666666667,0.8224276508425091,0.02,0.49666160345077515,0.8333333333333334,0.78125,0.018666666666666668,-9.192533493041992,3.802612827850342,student/results/5s_kd_binary_v1/models/student_5s_kd_binary_v1_fold0.weights.h5,hard_focal*0.5+soft_bce*0.5
1,1620,405,120,1500,30,375,94,43,0.8267227051682488,0.9629629629629629,0.7419354838709677,0.7666666666666667,0.7540983606557377,23,7,8,367,0.9625777777777778,0.8267227051682488,0.02,0.6177738904953003,0.7666666666666667,0.7931034482758621,0.016,-9.182743072509766,3.7983751760253908,student/results/5s_kd_binary_v1/models/student_5s_kd_binary_v1_fold1.weights.h5,hard_focal*0.5+soft_bce*0.5
2,1620,405,120,1500,30,375,94,47,0.9542629811183733,0.9827160493827161,0.896551724137931,0.8666666666666667,0.8813559322033898,26,4,3,372,0.9936,0.9542629811183733,0.02,0.3126952350139618,0.9333333333333333,0.8,0.018666666666666668,-9.178801536560059,3.7861319051513673,student/results/5s_kd_binary_v1/models/student_5s_kd_binary_v1_fold2.weights.h5,hard_focal*0.5+soft_bce*0.5
3,1620,405,120,1500,30,375,94,32,0.9123227895678045,0.9530864197530864,0.6341463414634146,0.8666666666666667,0.7323943661971831,26,4,15,360,0.9852444444444445,0.9123227895678045,0.02,0.8740479350090027,0.8333333333333334,0.8928571428571429,0.008,-9.165760040283203,3.7899218068847658,student/results/5s_kd_binary_v1/models/student_5s_kd_binary_v1_fold3.weights.h5,hard_focal*0.5+soft_bce*0.5
4,1620,405,120,1500,30,375,94,61,0.9368492391753598,0.9851851851851852,0.9285714285714286,0.8666666666666667,0.896551724137931,26,4,2,373,0.9909333333333334,0.9368492391753598,0.02,0.41643932461738586,0.9,0.8181818181818182,0.016,-9.247623443603516,3.7683408723602296,student/results/5s_kd_binary_v1/models/student_5s_kd_binary_v1_fold4.weights.h5,hard_focal*0.5+soft_bce*0.5
